LOCATION,TIME,Value
CAN,2003-01,2.87
CAN,2003-02,2.921
CAN,2003-03,3.201905
CAN,2003-04,3.301905
CAN,2003-05,3.322857
CAN,2003-06,3.215714
CAN,2003-07,3.010455
CAN,2003-08,2.854211
CAN,2003-09,2.712857
CAN,2003-10,2.695
CAN,2003-11,2.76
CAN,2003-12,2.707143
CAN,2004-01,2.508095
CAN,2004-02,2.323
CAN,2004-03,2.159565
CAN,2004-04,2.068571
CAN,2004-05,2.0675
CAN,2004-06,2.101818
CAN,2004-07,2.105238
CAN,2004-08,2.145238
CAN,2004-09,2.412857
CAN,2004-10,2.575
CAN,2004-11,2.703809
CAN,2004-12,2.571905
CAN,2005-01,2.564
CAN,2005-02,2.5825
CAN,2005-03,2.625909
CAN,2005-04,2.584762
CAN,2005-05,2.58619
CAN,2005-06,2.583182
CAN,2005-07,2.631
CAN,2005-08,2.77
CAN,2005-09,2.89
CAN,2005-10,3.099
CAN,2005-11,3.295714
CAN,2005-12,3.469
CAN,2006-01,3.618572
CAN,2006-02,3.763
CAN,2006-03,3.94087
CAN,2006-04,4.122632
CAN,2006-05,4.258636
CAN,2006-06,4.417727
CAN,2006-07,4.378
CAN,2006-08,4.344091
CAN,2006-09,4.3215
CAN,2006-10,4.327619
CAN,2006-11,4.312381
CAN,2006-12,4.320588
CAN,2007-01,4.333636
CAN,2007-02,4.348
CAN,2007-03,4.345909
CAN,2007-04,4.35
CAN,2007-05,4.368636
CAN,2007-06,4.529524
CAN,2007-07,4.68
CAN,2007-08,4.947273
CAN,2007-09,5.119473
CAN,2007-10,4.915
CAN,2007-11,4.767619
CAN,2007-12,4.796316
CAN,2008-01,4.246364
CAN,2008-02,3.82
CAN,2008-03,3.583
CAN,2008-04,3.457
CAN,2008-05,3.1505
CAN,2008-06,3.177647
CAN,2008-07,3.267
CAN,2008-08,3.23
CAN,2008-09,3.716667
CAN,2008-10,3.318636
CAN,2008-11,2.776316
CAN,2008-12,2.344286
CAN,2009-01,1.589048
CAN,2009-02,1.231053
CAN,2009-03,1.062727
CAN,2009-04,0.8980953
CAN,2009-05,0.6365
CAN,2009-06,0.56
CAN,2009-07,0.3836364
CAN,2009-08,0.4205
CAN,2009-09,0.3980953
CAN,2009-10,0.3866667
CAN,2009-11,0.3805
CAN,2009-12,0.3790476
CAN,2010-01,0.38
CAN,2010-02,0.3757895
CAN,2010-03,0.3856522
CAN,2010-04,0.487619
CAN,2010-05,0.6035
CAN,2010-06,0.7240909
CAN,2010-07,0.8328571
CAN,2010-08,0.9028571
CAN,2010-09,1.114286
CAN,2010-10,1.157
CAN,2010-11,1.167143
CAN,2010-12,1.179524
CAN,2011-01,1.18
CAN,2011-02,1.188421
CAN,2011-03,1.183913
CAN,2011-04,1.184
CAN,2011-05,1.187143
CAN,2011-06,1.169545
CAN,2011-07,1.17
CAN,2011-08,1.151818
CAN,2011-09,1.15
CAN,2011-10,1.1515
CAN,2011-11,1.159524
CAN,2011-12,1.156
CAN,2012-01,1.158571
CAN,2012-02,1.16
CAN,2012-03,1.152273
CAN,2012-04,1.147
CAN,2012-05,1.179545
CAN,2012-06,1.160952
CAN,2012-07,1.16
CAN,2012-08,1.16
CAN,2012-09,1.16
CAN,2012-10,1.16
CAN,2012-11,1.16
CAN,2012-12,1.16
CAN,2013-01,1.16
CAN,2013-02,1.16
CAN,2013-03,1.16
CAN,2013-04,1.16
CAN,2013-05,1.16
CAN,2013-06,1.162
CAN,2013-07,1.167273
CAN,2013-08,1.17
CAN,2013-09,1.168
CAN,2013-10,1.166818
CAN,2013-11,1.17
CAN,2013-12,1.169
CAN,2014-01,1.17
CAN,2014-02,1.17
CAN,2014-03,1.17
CAN,2014-04,1.17
CAN,2014-05,1.177619
CAN,2014-06,1.174286
CAN,2014-07,1.17
CAN,2014-08,1.17
CAN,2014-09,1.17
CAN,2014-10,1.17
CAN,2014-11,1.175263
CAN,2014-12,1.188571
CAN,2015-01,1.122857
CAN,2015-02,0.8863158
CAN,2015-03,0.8936363
CAN,2015-04,0.8961905
CAN,2015-05,0.89
CAN,2015-06,0.89
CAN,2015-07,0.7404546
CAN,2015-08,0.61
CAN,2015-09,0.6519048
CAN,2015-10,0.7147619
CAN,2015-11,0.7585
CAN,2015-12,0.8171428
CAN,2016-01,0.7965
CAN,2016-02,0.799
CAN,2016-03,0.8
CAN,2016-04,0.8361905
CAN,2016-05,0.8366666
CAN,2016-06,0.8277273
CAN,2016-07,0.8105
CAN,2016-08,0.82
CAN,2016-09,0.8109524
CAN,2016-10,0.816
CAN,2016-11,0.82
CAN,2016-12,0.823
CAN,2017-01,0.872381
CAN,2017-02,0.8768421
CAN,2017-03,0.8456522
CAN,2017-04,0.8431579
CAN,2017-05,0.7977273
CAN,2017-06,0.8286363
CAN,2017-07,1.123
CAN,2017-08,1.198636
CAN,2017-09,1.321
CAN,2017-10,1.329048
CAN,2017-11,1.328095
CAN,2017-12,1.372105
CAN,2018-01,1.552727
CAN,2018-02,1.547895
CAN,2018-03,1.59619
CAN,2018-04,1.639048
CAN,2018-05,1.65
CAN,2018-06,1.65
CAN,2018-07,1.796191
CAN,2018-08,1.842727
CAN,2018-09,1.874737
CAN,2018-10,2.013182
CAN,2018-11,2.131905
CAN,2018-12,2.192631
CAN,2019-01,2.15
CAN,2019-02,1.99
CAN,2019-03,1.86
CAN,2019-04,1.86
CAN,2019-05,1.87
CAN,2019-06,1.84
CAN,2019-07,1.84
CAN,2019-08,1.84
CAN,2019-09,1.83
CAN,2019-10,1.84
CAN,2019-11,1.85
CAN,2019-12,1.91
CAN,2020-01,1.91
CAN,2020-02,1.8
CAN,2020-03,1.27
CAN,2020-04,0.48
CAN,2020-05,0.34
CAN,2020-06,0.31
EA19,2003-01,2.8318
EA19,2003-02,2.6875
EA19,2003-03,2.53
EA19,2003-04,2.5333
EA19,2003-05,2.4005
EA19,2003-06,2.1519
EA19,2003-07,2.13
EA19,2003-08,2.1404
EA19,2003-09,2.1473
EA19,2003-10,2.1436
EA19,2003-11,2.159
EA19,2003-12,2.1463
EA19,2004-01,2.0895
EA19,2004-02,2.0705
EA19,2004-03,2.0288
EA19,2004-04,2.0488
EA19,2004-05,2.0859
EA19,2004-06,2.1127
EA19,2004-07,2.116
EA19,2004-08,2.1143
EA19,2004-09,2.1186
EA19,2004-10,2.1473
EA19,2004-11,2.1703
EA19,2004-12,2.1732
EA19,2005-01,2.1454
EA19,2005-02,2.1383
EA19,2005-03,2.1372
EA19,2005-04,2.1372
EA19,2005-05,2.1256
EA19,2005-06,2.111
EA19,2005-07,2.1194
EA19,2005-08,2.1325
EA19,2005-09,2.1391
EA19,2005-10,2.1966
EA19,2005-11,2.3609
EA19,2005-12,2.4729
EA19,2006-01,2.5117
EA19,2006-02,2.6004
EA19,2006-03,2.7226
EA19,2006-04,2.7938
EA19,2006-05,2.889
EA19,2006-06,2.9857
EA19,2006-07,3.1022
EA19,2006-08,3.2265
EA19,2006-09,3.3354
EA19,2006-10,3.502
EA19,2006-11,3.5972
EA19,2006-12,3.6842
EA19,2007-01,3.7519
EA19,2007-02,3.8182
EA19,2007-03,3.8909
EA19,2007-04,3.9753
EA19,2007-05,4.0714
EA19,2007-06,4.1478
EA19,2007-07,4.2162
EA19,2007-08,4.5436
EA19,2007-09,4.7417
EA19,2007-10,4.6874
EA19,2007-11,4.6385
EA19,2007-12,4.8484
EA19,2008-01,4.4815
EA19,2008-02,4.3621
EA19,2008-03,4.5964
EA19,2008-04,4.7835
EA19,2008-05,4.8574
EA19,2008-06,4.9405
EA19,2008-07,4.961
EA19,2008-08,4.9652
EA19,2008-09,5.0192
EA19,2008-10,5.1131
EA19,2008-11,4.2383
EA19,2008-12,3.2926
EA19,2009-01,2.4565
EA19,2009-02,1.9431
EA19,2009-03,1.6355
EA19,2009-04,1.4223
EA19,2009-05,1.2817
EA19,2009-06,1.2279
EA19,2009-07,0.975
EA19,2009-08,0.8605
EA19,2009-09,0.7721
EA19,2009-10,0.7375
EA19,2009-11,0.7162
EA19,2009-12,0.712
EA19,2010-01,0.6797
EA19,2010-02,0.6617
EA19,2010-03,0.645
EA19,2010-04,0.6447
EA19,2010-05,0.6865
EA19,2010-06,0.7276
EA19,2010-07,0.8488
EA19,2010-08,0.8955
EA19,2010-09,0.8805
EA19,2010-10,0.9977
EA19,2010-11,1.042
EA19,2010-12,1.0217
EA19,2011-01,1.0172
EA19,2011-02,1.0867
EA19,2011-03,1.1755
EA19,2011-04,1.3212
EA19,2011-05,1.4251
EA19,2011-06,1.4886
EA19,2011-07,1.5976
EA19,2011-08,1.5521
EA19,2011-09,1.5365
EA19,2011-10,1.5759
EA19,2011-11,1.4847
EA19,2011-12,1.4261
EA19,2012-01,1.2222
EA19,2012-02,1.0483
EA19,2012-03,0.8585
EA19,2012-04,0.7443
EA19,2012-05,0.6849
EA19,2012-06,0.6589
EA19,2012-07,0.497
EA19,2012-08,0.3324
EA19,2012-09,0.2463
EA19,2012-10,0.2079
EA19,2012-11,0.192
EA19,2012-12,0.1855
EA19,2013-01,0.2049
EA19,2013-02,0.2234
EA19,2013-03,0.2061
EA19,2013-04,0.2089
EA19,2013-05,0.2012
EA19,2013-06,0.2103
EA19,2013-07,0.2214
EA19,2013-08,0.2259
EA19,2013-09,0.2232
EA19,2013-10,0.2258
EA19,2013-11,0.2234
EA19,2013-12,0.2735
EA19,2014-01,0.292
EA19,2014-02,0.2881
EA19,2014-03,0.3053
EA19,2014-04,0.3297
EA19,2014-05,0.3246
EA19,2014-06,0.2414
EA19,2014-07,0.205
EA19,2014-08,0.1916
EA19,2014-09,0.0971
EA19,2014-10,0.0826
EA19,2014-11,0.0809
EA19,2014-12,0.0809
EA19,2015-01,0.0627
EA19,2015-02,0.0482
EA19,2015-03,0.0272
EA19,2015-04,0.0047
EA19,2015-05,-0.0104
EA19,2015-06,-0.0139
EA19,2015-07,-0.0187
EA19,2015-08,-0.0277
EA19,2015-09,-0.037
EA19,2015-10,-0.0536
EA19,2015-11,-0.0876
EA19,2015-12,-0.1263
EA19,2016-01,-0.1461
EA19,2016-02,-0.1836
EA19,2016-03,-0.2285
EA19,2016-04,-0.2492
EA19,2016-05,-0.2572
EA19,2016-06,-0.2679
EA19,2016-07,-0.2945
EA19,2016-08,-0.2982
EA19,2016-09,-0.3016
EA19,2016-10,-0.309
EA19,2016-11,-0.3127
EA19,2016-12,-0.3158
EA19,2017-01,-0.3255
EA19,2017-02,-0.3286
EA19,2017-03,-0.3293
EA19,2017-04,-0.3304
EA19,2017-05,-0.3295
EA19,2017-06,-0.33
EA19,2017-07,-0.3304
EA19,2017-08,-0.3291
EA19,2017-09,-0.3294
EA19,2017-10,-0.3295
EA19,2017-11,-0.329
EA19,2017-12,-0.3279
EA19,2018-01,-0.3285
EA19,2018-02,-0.3285
EA19,2018-03,-0.3279
EA19,2018-04,-0.3285
EA19,2018-05,-0.3252
EA19,2018-06,-0.322
EA19,2018-07,-0.3207
EA19,2018-08,-0.319
EA19,2018-09,-0.3188
EA19,2018-10,-0.3177
EA19,2018-11,-0.3164
EA19,2018-12,-0.3119
EA19,2019-01,-0.308
EA19,2019-02,-0.3084
EA19,2019-03,-0.3092
EA19,2019-04,-0.3105
EA19,2019-05,-0.3119
EA19,2019-06,-0.3289
EA19,2019-07,-0.3649
EA19,2019-08,-0.4077
EA19,2019-09,-0.4176
EA19,2019-10,-0.4129
EA19,2019-11,-0.4013
EA19,2019-12,-0.3947
EA19,2020-01,-0.3911
EA19,2020-02,-0.4088
EA19,2020-03,-0.4166
EA19,2020-04,-0.254
EA19,2020-05,-0.2701
EA19,2020-06,-0.376
GBR,2003-01,3.98263
GBR,2003-02,3.75425
GBR,2003-03,3.65503
GBR,2003-04,3.64598
GBR,2003-05,3.63252
GBR,2003-06,3.63966
GBR,2003-07,3.49022
GBR,2003-08,3.52249
GBR,2003-09,3.6967
GBR,2003-10,3.80338
GBR,2003-11,3.98043
GBR,2003-12,4.01864
GBR,2004-01,4.05531
GBR,2004-02,4.16654
GBR,2004-03,4.29673
GBR,2004-04,4.39472
GBR,2004-05,4.52872
GBR,2004-06,4.78974
GBR,2004-07,4.85702
GBR,2004-08,4.96284
GBR,2004-09,4.9469
GBR,2004-10,4.90071
GBR,2004-11,4.88359
GBR,2004-12,4.87103
GBR,2005-01,4.87316
GBR,2005-02,4.89069
GBR,2005-03,4.98736
GBR,2005-04,4.94336
GBR,2005-05,4.89375
GBR,2005-06,4.84144
GBR,2005-07,4.65794
GBR,2005-08,4.59465
GBR,2005-09,4.59686
GBR,2005-10,4.58701
GBR,2005-11,4.61847
GBR,2005-12,4.63732
GBR,2006-01,4.60368
GBR,2006-02,4.58199
GBR,2006-03,4.58741
GBR,2006-04,4.6296
GBR,2006-05,4.7015
GBR,2006-06,4.73498
GBR,2006-07,4.73322
GBR,2006-08,4.94425
GBR,2006-09,5.02501
GBR,2006-10,5.13176
GBR,2006-11,5.22544
GBR,2006-12,5.29167
GBR,2007-01,5.48623
GBR,2007-02,5.5657
GBR,2007-03,5.54946
GBR,2007-04,5.64899
GBR,2007-05,5.76742
GBR,2007-06,5.88018
GBR,2007-07,6.02396
GBR,2007-08,6.41946
GBR,2007-09,6.64694
GBR,2007-10,6.27014
GBR,2007-11,6.40858
GBR,2007-12,6.35943
GBR,2008-01,5.65965
GBR,2008-02,5.64202
GBR,2008-03,5.89929
GBR,2008-04,5.91881
GBR,2008-05,5.82639
GBR,2008-06,5.92944
GBR,2008-07,5.8322
GBR,2008-08,5.76619
GBR,2008-09,5.9106
GBR,2008-10,6.13304
GBR,2008-11,4.44684
GBR,2008-12,3.17247
GBR,2009-01,2.34276
GBR,2009-02,2.09038
GBR,2009-03,1.83139
GBR,2009-04,1.53413
GBR,2009-05,1.35795
GBR,2009-06,1.24117
GBR,2009-07,1.00113
GBR,2009-08,0.77369
GBR,2009-09,0.6056
GBR,2009-10,0.57087
GBR,2009-11,0.60936
GBR,2009-12,0.60541
GBR,2010-01,0.61265
GBR,2010-02,0.6331
GBR,2010-03,0.64549
GBR,2010-04,0.65592
GBR,2010-05,0.69713
GBR,2010-06,0.72839
GBR,2010-07,0.73603
GBR,2010-08,0.73296
GBR,2010-09,0.72859
GBR,2010-10,0.7384
GBR,2010-11,0.73901
GBR,2010-12,0.74962
GBR,2011-01,0.76866
GBR,2011-02,0.79962
GBR,2011-03,0.80913
GBR,2011-04,0.82096
GBR,2011-05,0.82344
GBR,2011-06,0.82512
GBR,2011-07,0.8289
GBR,2011-08,0.85782
GBR,2011-09,0.9181
GBR,2011-10,0.96991
GBR,2011-11,1.01182
GBR,2011-12,1.06148
GBR,2012-01,1.08709
GBR,2012-02,1.07249
GBR,2012-03,1.03757
GBR,2012-04,1.01792
GBR,2012-05,1.005
GBR,2012-06,0.94978
GBR,2012-07,0.81735
GBR,2012-08,0.70481
GBR,2012-09,0.64803
GBR,2012-10,0.54397
GBR,2012-11,0.52452
GBR,2012-12,0.51848
GBR,2013-01,0.51228
GBR,2013-02,0.50988
GBR,2013-03,0.50688
GBR,2013-04,0.50557
GBR,2013-05,0.50563
GBR,2013-06,0.50794
GBR,2013-07,0.50944
GBR,2013-08,0.51262
GBR,2013-09,0.51688
GBR,2013-10,0.51663
GBR,2013-11,0.52344
GBR,2013-12,0.52474
GBR,2014-01,0.52093
GBR,2014-02,0.52153
GBR,2014-03,0.52157
GBR,2014-04,0.52665
GBR,2014-05,0.52744
GBR,2014-06,0.54394
GBR,2014-07,0.55641
GBR,2014-08,0.56119
GBR,2014-09,0.56291
GBR,2014-10,0.55836
GBR,2014-11,0.55628
GBR,2014-12,0.55818
GBR,2015-01,0.5626
GBR,2015-02,0.56363
GBR,2015-03,0.56436
GBR,2015-04,0.5695
GBR,2015-05,0.56798
GBR,2015-06,0.57188
GBR,2015-07,0.58084
GBR,2015-08,0.5867
GBR,2015-09,0.58576
GBR,2015-10,0.58006
GBR,2015-11,0.57371
GBR,2015-12,0.58277
GBR,2016-01,0.58976
GBR,2016-02,0.59073
GBR,2016-03,0.58825
GBR,2016-04,0.5889
GBR,2016-05,0.58929
GBR,2016-06,0.57468
GBR,2016-07,0.5136
GBR,2016-08,0.40613
GBR,2016-09,0.37907
GBR,2016-10,0.3975
GBR,2016-11,0.39773
GBR,2016-12,0.37226
GBR,2017-01,0.3621
GBR,2017-02,0.35674
GBR,2017-03,0.34567
GBR,2017-04,0.33513
GBR,2017-05,0.31081
GBR,2017-06,0.29442
GBR,2017-07,0.2931
GBR,2017-08,0.28119
GBR,2017-09,0.30911
GBR,2017-10,0.38187
GBR,2017-11,0.51857
GBR,2017-12,0.51871
GBR,2018-01,0.5225
GBR,2018-02,0.54683
GBR,2018-03,0.62842
GBR,2018-04,0.75629
GBR,2018-05,0.64355
GBR,2018-06,0.63868
GBR,2018-07,0.74619
GBR,2018-08,0.80519
GBR,2018-09,0.80093
GBR,2018-10,0.80618
GBR,2018-11,0.87483
GBR,2018-12,0.90444
GBR,2019-01,0.91822
GBR,2019-02,0.87598
GBR,2019-03,0.84
GBR,2019-04,0.82
GBR,2019-05,0.8
GBR,2019-06,0.78
GBR,2019-07,0.77
GBR,2019-08,0.76
GBR,2019-09,0.77
GBR,2019-10,0.78
GBR,2019-11,0.79
GBR,2019-12,0.79
GBR,2020-01,0.74
GBR,2020-02,0.75
GBR,2020-03,0.53
GBR,2020-04,0.65
GBR,2020-05,0.33
GBR,2020-06,0.19
JPN,2003-01,0.1
JPN,2003-02,0.09
JPN,2003-03,0.08
JPN,2003-04,0.08
JPN,2003-05,0.08
JPN,2003-06,0.09
JPN,2003-07,0.09
JPN,2003-08,0.09
JPN,2003-09,0.09
JPN,2003-10,0.09
JPN,2003-11,0.08
JPN,2003-12,0.1
JPN,2004-01,0.09
JPN,2004-02,0.09
JPN,2004-03,0.08
JPN,2004-04,0.08
JPN,2004-05,0.08
JPN,2004-06,0.09
JPN,2004-07,0.09
JPN,2004-08,0.09
JPN,2004-09,0.09
JPN,2004-10,0.09
JPN,2004-11,0.09
JPN,2004-12,0.1
JPN,2005-01,0.1
JPN,2005-02,0.1
JPN,2005-03,0.08
JPN,2005-04,0.08
JPN,2005-05,0.08
JPN,2005-06,0.09
JPN,2005-07,0.09
JPN,2005-08,0.09
JPN,2005-09,0.09
JPN,2005-10,0.09
JPN,2005-11,0.09
JPN,2005-12,0.1
JPN,2006-01,0.1036
JPN,2006-02,0.11
JPN,2006-03,0.1255
JPN,2006-04,0.14
JPN,2006-05,0.27
JPN,2006-06,0.35
JPN,2006-07,0.44
JPN,2006-08,0.432
JPN,2006-09,0.436
JPN,2006-10,0.447
JPN,2006-11,0.502
JPN,2006-12,0.54
JPN,2007-01,0.54
JPN,2007-02,0.66
JPN,2007-03,0.66
JPN,2007-04,0.65
JPN,2007-05,0.67
JPN,2007-06,0.73
JPN,2007-07,0.77
JPN,2007-08,0.84
JPN,2007-09,0.85
JPN,2007-10,0.85
JPN,2007-11,0.87
JPN,2007-12,0.86
JPN,2008-01,0.85
JPN,2008-02,0.85
JPN,2008-03,0.84
JPN,2008-04,0.84
JPN,2008-05,0.84
JPN,2008-06,0.86
JPN,2008-07,0.85
JPN,2008-08,0.85
JPN,2008-09,0.87
JPN,2008-10,0.89
JPN,2008-11,0.88
JPN,2008-12,0.74
JPN,2009-01,0.72
JPN,2009-02,0.71
JPN,2009-03,0.65
JPN,2009-04,0.6
JPN,2009-05,0.57
JPN,2009-06,0.56
JPN,2009-07,0.55
JPN,2009-08,0.54
JPN,2009-09,0.54
JPN,2009-10,0.53
JPN,2009-11,0.51
JPN,2009-12,0.46
JPN,2010-01,0.45
JPN,2010-02,0.44
JPN,2010-03,0.43
JPN,2010-04,0.4
JPN,2010-05,0.39
JPN,2010-06,0.38
JPN,2010-07,0.37
JPN,2010-08,0.36
JPN,2010-09,0.36
JPN,2010-10,0.34
JPN,2010-11,0.34
JPN,2010-12,0.34
JPN,2011-01,0.34
JPN,2011-02,0.34
JPN,2011-03,0.33615
JPN,2011-04,0.33286
JPN,2011-05,0.33214
JPN,2011-06,0.33214
JPN,2011-07,0.33214
JPN,2011-08,0.32857
JPN,2011-09,0.32929
JPN,2011-10,0.32929
JPN,2011-11,0.32929
JPN,2011-12,0.32929
JPN,2012-01,0.33077
JPN,2012-02,0.33167
JPN,2012-03,0.33167
JPN,2012-04,0.33167
JPN,2012-05,0.33167
JPN,2012-06,0.33455
JPN,2012-07,0.32727
JPN,2012-08,0.32727
JPN,2012-09,0.32727
JPN,2012-10,0.32636
JPN,2012-11,0.31818
JPN,2012-12,0.30818
JPN,2013-01,0.29182
JPN,2013-02,0.26909
JPN,2013-03,0.25
JPN,2013-04,0.22818
JPN,2013-05,0.22818
JPN,2013-06,0.22818
JPN,2013-07,0.228
JPN,2013-08,0.228
JPN,2013-09,0.228
JPN,2013-10,0.221
JPN,2013-11,0.22
JPN,2013-12,0.22
JPN,2014-01,0.22
JPN,2014-02,0.212
JPN,2014-03,0.212
JPN,2014-04,0.212
JPN,2014-05,0.21
JPN,2014-06,0.21
JPN,2014-07,0.21
JPN,2014-08,0.21
JPN,2014-09,0.21
JPN,2014-10,0.192
JPN,2014-11,0.182
JPN,2014-12,0.179
JPN,2015-01,0.173
JPN,2015-02,0.171
JPN,2015-03,0.17
JPN,2015-04,0.17
JPN,2015-05,0.169
JPN,2015-06,0.169
JPN,2015-07,0.169
JPN,2015-08,0.169
JPN,2015-09,0.169
JPN,2015-10,0.169
JPN,2015-11,0.169
JPN,2015-12,0.169
JPN,2016-01,0.169
JPN,2016-02,0.098
JPN,2016-03,0.098
JPN,2016-04,0.06
JPN,2016-05,0.06
JPN,2016-06,0.059
JPN,2016-07,0.058
JPN,2016-08,0.058
JPN,2016-09,0.056
JPN,2016-10,0.056
JPN,2016-11,0.056
JPN,2016-12,0.056
JPN,2017-01,0.056
JPN,2017-02,0.056
JPN,2017-03,0.056
JPN,2017-04,0.056
JPN,2017-05,0.056
JPN,2017-06,0.056
JPN,2017-07,0.075
JPN,2017-08,0.056
JPN,2017-09,0.056
JPN,2017-10,0.063
JPN,2017-11,0.063
JPN,2017-12,0.063
JPN,2018-01,0.068
JPN,2018-02,0.068
JPN,2018-03,0.097
JPN,2018-04,0.097
JPN,2018-05,0.078
JPN,2018-06,0.078
JPN,2018-07,0.091
JPN,2018-08,0.091
JPN,2018-09,0.05
JPN,2018-10,0.05
JPN,2018-11,0.05
JPN,2018-12,0.05
JPN,2019-01,0.03
JPN,2019-02,0.03
JPN,2019-03,0.05
JPN,2019-04,0.05
JPN,2019-05,0.049
JPN,2019-06,0.049
JPN,2019-07,0.049
JPN,2019-08,0.009
JPN,2019-09,0.009
JPN,2019-10,0.009
JPN,2019-11,0.018
JPN,2019-12,0.021
JPN,2020-01,0.021
JPN,2020-02,0.021
JPN,2020-03,0.006
JPN,2020-04,-0.039
JPN,2020-05,-0.042
USA,2003-01,1.29
USA,2003-02,1.27
USA,2003-03,1.23
USA,2003-04,1.24
USA,2003-05,1.22
USA,2003-06,1.04
USA,2003-07,1.05
USA,2003-08,1.08
USA,2003-09,1.08
USA,2003-10,1.1
USA,2003-11,1.11
USA,2003-12,1.1
USA,2004-01,1.06
USA,2004-02,1.05
USA,2004-03,1.05
USA,2004-04,1.08
USA,2004-05,1.2
USA,2004-06,1.46
USA,2004-07,1.57
USA,2004-08,1.68
USA,2004-09,1.86
USA,2004-10,2.04
USA,2004-11,2.26
USA,2004-12,2.45
USA,2005-01,2.61
USA,2005-02,2.77
USA,2005-03,2.97
USA,2005-04,3.09
USA,2005-05,3.22
USA,2005-06,3.38
USA,2005-07,3.57
USA,2005-08,3.77
USA,2005-09,3.87
USA,2005-10,4.13
USA,2005-11,4.31
USA,2005-12,4.45
USA,2006-01,4.56
USA,2006-02,4.72
USA,2006-03,4.88
USA,2006-04,5.03
USA,2006-05,5.15
USA,2006-06,5.35
USA,2006-07,5.46
USA,2006-08,5.38
USA,2006-09,5.34
USA,2006-10,5.33
USA,2006-11,5.32
USA,2006-12,5.32
USA,2007-01,5.32
USA,2007-02,5.31
USA,2007-03,5.3
USA,2007-04,5.31
USA,2007-05,5.31
USA,2007-06,5.33
USA,2007-07,5.32
USA,2007-08,5.49
USA,2007-09,5.46
USA,2007-10,5.08
USA,2007-11,4.97
USA,2007-12,5.02
USA,2008-01,3.84
USA,2008-02,3.06
USA,2008-03,2.79
USA,2008-04,2.85
USA,2008-05,2.66
USA,2008-06,2.76
USA,2008-07,2.79
USA,2008-08,2.79
USA,2008-09,3.59
USA,2008-10,4.32
USA,2008-11,2.36
USA,2008-12,1.77
USA,2009-01,1.02
USA,2009-02,1.16
USA,2009-03,1.07
USA,2009-04,0.89
USA,2009-05,0.57
USA,2009-06,0.39
USA,2009-07,0.35
USA,2009-08,0.3
USA,2009-09,0.25
USA,2009-10,0.24
USA,2009-11,0.21
USA,2009-12,0.22
USA,2010-01,0.2
USA,2010-02,0.19
USA,2010-03,0.23
USA,2010-04,0.3
USA,2010-05,0.45
USA,2010-06,0.52
USA,2010-07,0.41
USA,2010-08,0.32
USA,2010-09,0.28
USA,2010-10,0.27
USA,2010-11,0.27
USA,2010-12,0.3
USA,2011-01,0.29
USA,2011-02,0.28
USA,2011-03,0.28
USA,2011-04,0.23
USA,2011-05,0.21
USA,2011-06,0.22
USA,2011-07,0.24
USA,2011-08,0.29
USA,2011-09,0.33
USA,2011-10,0.37
USA,2011-11,0.41
USA,2011-12,0.49
USA,2012-01,0.4
USA,2012-02,0.3
USA,2012-03,0.29
USA,2012-04,0.29
USA,2012-05,0.29
USA,2012-06,0.32
USA,2012-07,0.3
USA,2012-08,0.26
USA,2012-09,0.24
USA,2012-10,0.23
USA,2012-11,0.23
USA,2012-12,0.24
USA,2013-01,0.23
USA,2013-02,0.22
USA,2013-03,0.21
USA,2013-04,0.2
USA,2013-05,0.2
USA,2013-06,0.19
USA,2013-07,0.14
USA,2013-08,0.12
USA,2013-09,0.11
USA,2013-10,0.12
USA,2013-11,0.12
USA,2013-12,0.14
USA,2014-01,0.12
USA,2014-02,0.13
USA,2014-03,0.12
USA,2014-04,0.12
USA,2014-05,0.11
USA,2014-06,0.11
USA,2014-07,0.13
USA,2014-08,0.13
USA,2014-09,0.12
USA,2014-10,0.12
USA,2014-11,0.13
USA,2014-12,0.15
USA,2015-01,0.16
USA,2015-02,0.15
USA,2015-03,0.14
USA,2015-04,0.13
USA,2015-05,0.15
USA,2015-06,0.18
USA,2015-07,0.19
USA,2015-08,0.26
USA,2015-09,0.27
USA,2015-10,0.25
USA,2015-11,0.3
USA,2015-12,0.54
USA,2016-01,0.57
USA,2016-02,0.54
USA,2016-03,0.55
USA,2016-04,0.55
USA,2016-05,0.57
USA,2016-06,0.55
USA,2016-07,0.62
USA,2016-08,0.73
USA,2016-09,0.75
USA,2016-10,0.72
USA,2016-11,0.71
USA,2016-12,0.87
USA,2017-01,0.9
USA,2017-02,0.87
USA,2017-03,0.98
USA,2017-04,1.03
USA,2017-05,1.05
USA,2017-06,1.16
USA,2017-07,1.22
USA,2017-08,1.25
USA,2017-09,1.25
USA,2017-10,1.26
USA,2017-11,1.32
USA,2017-12,1.54
USA,2018-01,1.63
USA,2018-02,1.78
USA,2018-03,2.08
USA,2018-04,2.2
USA,2018-05,2.16
USA,2018-06,2.19
USA,2018-07,2.17
USA,2018-08,2.19
USA,2018-09,2.24
USA,2018-10,2.37
USA,2018-11,2.56
USA,2018-12,2.69
USA,2019-01,2.59
USA,2019-02,2.49
USA,2019-03,2.48
USA,2019-04,2.47
USA,2019-05,2.44
USA,2019-06,2.3
USA,2019-07,2.22
USA,2019-08,2.06
USA,2019-09,2.03
USA,2019-10,1.88
USA,2019-11,1.77
USA,2019-12,1.76
USA,2020-01,1.65
USA,2020-02,1.59
USA,2020-03,1.35
USA,2020-05,0.17
USA,2020-06,0.2
