currency,effective_date,rate_pct,decision
USD,2019-10-31,1.625,FOMC 2019-10-30: target range 1.50-1.75 (midpoint)
USD,2020-03-04,1.125,FOMC 2020-03-03 (unscheduled): 1.00-1.25
USD,2020-03-16,0.125,FOMC 2020-03-15 (unscheduled): 0.00-0.25
USD,2022-03-17,0.375,FOMC 2022-03-16: 0.25-0.50
USD,2022-05-05,0.875,FOMC 2022-05-04: 0.75-1.00
USD,2022-06-16,1.625,FOMC 2022-06-15: 1.50-1.75
USD,2022-07-28,2.375,FOMC 2022-07-27: 2.25-2.50
USD,2022-09-22,3.125,FOMC 2022-09-21: 3.00-3.25
USD,2022-11-03,3.875,FOMC 2022-11-02: 3.75-4.00
USD,2022-12-15,4.375,FOMC 2022-12-14: 4.25-4.50
USD,2023-02-02,4.625,FOMC 2023-02-01: 4.50-4.75
USD,2023-03-23,4.875,FOMC 2023-03-22: 4.75-5.00
USD,2023-05-04,5.125,FOMC 2023-05-03: 5.00-5.25
USD,2023-07-27,5.375,FOMC 2023-07-26: 5.25-5.50
EUR,2019-09-18,-0.50,ECB 2019-09-12: deposit facility rate -0.50
EUR,2022-07-27,0.00,ECB 2022-07-21: deposit facility rate 0.00
EUR,2022-09-14,0.75,ECB 2022-09-08: deposit facility rate 0.75
EUR,2022-11-02,1.50,ECB 2022-10-27: deposit facility rate 1.50
EUR,2022-12-21,2.00,ECB 2022-12-15: deposit facility rate 2.00
EUR,2023-02-08,2.50,ECB 2023-02-02: deposit facility rate 2.50
EUR,2023-03-22,3.00,ECB 2023-03-16: deposit facility rate 3.00
EUR,2023-05-10,3.25,ECB 2023-05-04: deposit facility rate 3.25
EUR,2023-06-21,3.50,ECB 2023-06-15: deposit facility rate 3.50
EUR,2023-08-02,3.75,ECB 2023-07-27: deposit facility rate 3.75
EUR,2023-09-20,4.00,ECB 2023-09-14: deposit facility rate 4.00
GBP,2018-08-02,0.75,BoE MPC 2018-08-02: Bank Rate 0.75
GBP,2020-03-11,0.25,BoE 2020-03-11 (special): Bank Rate 0.25
GBP,2020-03-19,0.10,BoE 2020-03-19 (special): Bank Rate 0.10
GBP,2021-12-16,0.25,BoE MPC 2021-12-16: Bank Rate 0.25
GBP,2022-02-03,0.50,BoE MPC 2022-02-03: Bank Rate 0.50
GBP,2022-03-17,0.75,BoE MPC 2022-03-17: Bank Rate 0.75
GBP,2022-05-05,1.00,BoE MPC 2022-05-05: Bank Rate 1.00
GBP,2022-06-16,1.25,BoE MPC 2022-06-16: Bank Rate 1.25
GBP,2022-08-04,1.75,BoE MPC 2022-08-04: Bank Rate 1.75
GBP,2022-09-22,2.25,BoE MPC 2022-09-22: Bank Rate 2.25
GBP,2022-11-03,3.00,BoE MPC 2022-11-03: Bank Rate 3.00
GBP,2022-12-15,3.50,BoE MPC 2022-12-15: Bank Rate 3.50
GBP,2023-02-02,4.00,BoE MPC 2023-02-02: Bank Rate 4.00
GBP,2023-03-23,4.25,BoE MPC 2023-03-23: Bank Rate 4.25
GBP,2023-05-11,4.50,BoE MPC 2023-05-11: Bank Rate 4.50
GBP,2023-06-22,5.00,BoE MPC 2023-06-22: Bank Rate 5.00
GBP,2023-08-03,5.25,BoE MPC 2023-08-03: Bank Rate 5.25
JPY,2016-02-16,-0.10,BoJ 2016-01-29: policy-rate balance -0.10 (unchanged through 2023)
CAD,2018-10-24,1.75,BoC 2018-10-24: overnight target 1.75
CAD,2020-03-04,1.25,BoC 2020-03-04: overnight target 1.25
CAD,2020-03-13,0.75,BoC 2020-03-13 (unscheduled): overnight target 0.75
CAD,2020-03-27,0.25,BoC 2020-03-27 (unscheduled): overnight target 0.25
CAD,2022-03-02,0.50,BoC 2022-03-02: overnight target 0.50
CAD,2022-04-13,1.00,BoC 2022-04-13: overnight target 1.00
CAD,2022-06-01,1.50,BoC 2022-06-01: overnight target 1.50
CAD,2022-07-13,2.50,BoC 2022-07-13: overnight target 2.50
CAD,2022-09-07,3.25,BoC 2022-09-07: overnight target 3.25
CAD,2022-10-26,3.75,BoC 2022-10-26: overnight target 3.75
CAD,2022-12-07,4.25,BoC 2022-12-07: overnight target 4.25
CAD,2023-01-25,4.50,BoC 2023-01-25: overnight target 4.50
CAD,2023-06-07,4.75,BoC 2023-06-07: overnight target 4.75
CAD,2023-07-12,5.00,BoC 2023-07-12: overnight target 5.00
